[
  {
    "id": "58a94574-0460-4ceb-ae9b-232a874c41e7",
    "data": [
      {
        "text": "two",
        "alias": "number",
        "meta": "@sys.number",
        "userDefined": false
      }
    ],
    "isTemplate": false,
    "count": 0,
    "updated": 1531641637
  },
  {
    "id": "9fe4b9ab-cb12-4db9-b110-314cbe09ba2f",
    "data": [
      {
        "text": "I\u0027m choosing ",
        "userDefined": false
      },
      {
        "text": "2",
        "alias": "number",
        "meta": "@sys.number",
        "userDefined": true
      }
    ],
    "isTemplate": false,
    "count": 0,
    "updated": 1530806659
  },
  {
    "id": "9d3ae176-3158-4c4f-a966-057e37b62d36",
    "data": [
      {
        "text": "too",
        "userDefined": false
      }
    ],
    "isTemplate": false,
    "count": 0,
    "updated": 1531641637
  },
  {
    "id": "c5644177-7889-481a-aed8-60f3ef2fe30b",
    "data": [
      {
        "text": "its ",
        "userDefined": false
      },
      {
        "text": "2",
        "alias": "number",
        "meta": "@sys.number",
        "userDefined": true
      }
    ],
    "isTemplate": false,
    "count": 0,
    "updated": 1530806659
  },
  {
    "id": "b7a5a19d-6c73-4584-92d9-5ad01f58772f",
    "data": [
      {
        "text": "show me the ",
        "userDefined": false
      },
      {
        "text": "second",
        "alias": "number",
        "meta": "@sys.number",
        "userDefined": false
      },
      {
        "text": " one",
        "userDefined": false
      }
    ],
    "isTemplate": false,
    "count": 0,
    "updated": 1530806659
  },
  {
    "id": "1f441225-c137-4c3a-8231-59229d95661e",
    "data": [
      {
        "text": "2",
        "alias": "number",
        "meta": "@sys.number",
        "userDefined": true
      }
    ],
    "isTemplate": false,
    "count": 0,
    "updated": 1530806659
  },
  {
    "id": "6d2caff2-8c62-40e0-8ac6-7f7e4e4f6131",
    "data": [
      {
        "text": "to",
        "userDefined": false
      }
    ],
    "isTemplate": false,
    "count": 0,
    "updated": 1530806659
  }
]