[
  {
    "id": "7da0fa00-4716-4560-afa3-174d4405ecbb",
    "data": [
      {
        "text": "4",
        "alias": "number",
        "meta": "@sys.number",
        "userDefined": true
      }
    ],
    "isTemplate": false,
    "count": 0,
    "updated": 1530806132
  },
  {
    "id": "1aa7194e-004b-494f-a3e9-2b747e036b79",
    "data": [
      {
        "text": "i opt for ",
        "userDefined": false
      },
      {
        "text": "four",
        "alias": "number",
        "meta": "@sys.number",
        "userDefined": true
      }
    ],
    "isTemplate": false,
    "count": 0,
    "updated": 1530806132
  },
  {
    "id": "6e342500-e6a7-466d-bddf-6b1ef0b98988",
    "data": [
      {
        "text": "i will go with ",
        "userDefined": false
      },
      {
        "text": "4",
        "alias": "number",
        "meta": "@sys.number",
        "userDefined": false
      }
    ],
    "isTemplate": false,
    "count": 0,
    "updated": 1530806132
  },
  {
    "id": "1b0b9f1e-685d-496d-bcd8-7328cbcdc6c4",
    "data": [
      {
        "text": "four",
        "alias": "number",
        "meta": "@sys.number",
        "userDefined": true
      }
    ],
    "isTemplate": false,
    "count": 0,
    "updated": 1530806132
  }
]