[
  {
    "id": "e0fe0843-0c99-4cb6-a5b7-3fb3fe71caf9",
    "data": [
      {
        "text": "Its ",
        "userDefined": false
      },
      {
        "text": "1",
        "alias": "number",
        "meta": "@sys.number",
        "userDefined": true
      }
    ],
    "isTemplate": false,
    "count": 0,
    "updated": 1530807491
  },
  {
    "id": "76f49b9a-97c3-460b-b9d0-7ffb9e2cb84d",
    "data": [
      {
        "text": "1st",
        "alias": "number",
        "meta": "@sys.number",
        "userDefined": true
      },
      {
        "text": " ",
        "userDefined": false
      },
      {
        "text": "one",
        "alias": "number",
        "meta": "@sys.number",
        "userDefined": true
      }
    ],
    "isTemplate": false,
    "count": 0,
    "updated": 1530807491
  },
  {
    "id": "2e7c4cd0-9129-4498-a71d-4d6c55360079",
    "data": [
      {
        "text": "I\u0027m choosing ",
        "userDefined": false
      },
      {
        "text": "1",
        "alias": "number",
        "meta": "@sys.number",
        "userDefined": true
      }
    ],
    "isTemplate": false,
    "count": 0,
    "updated": 1530807491
  },
  {
    "id": "fd5d840f-292b-46a0-9baa-9d02e746ba8b",
    "data": [
      {
        "text": "1",
        "alias": "number",
        "meta": "@sys.number",
        "userDefined": true
      }
    ],
    "isTemplate": false,
    "count": 0,
    "updated": 1530807491
  }
]