[
  {
    "id": "6370a4c9-1847-4588-a0eb-ba3fc53d6f3b",
    "data": [
      {
        "text": "hi dude",
        "userDefined": false
      }
    ],
    "isTemplate": false,
    "count": 0,
    "updated": 1530805390
  },
  {
    "id": "043922bd-327b-44c0-8df1-05108e9ade99",
    "data": [
      {
        "text": "hi",
        "userDefined": false
      }
    ],
    "isTemplate": false,
    "count": 0,
    "updated": 1530805390
  },
  {
    "id": "492f5514-8c10-4395-83d6-93c7f717df92",
    "data": [
      {
        "text": "hello",
        "userDefined": false
      }
    ],
    "isTemplate": false,
    "count": 1,
    "updated": 1530805390
  }
]