[
  {
    "id": "e311104a-b8d7-436a-a195-fe6662033a4f",
    "data": [
      {
        "text": "i opt for ",
        "userDefined": false
      },
      {
        "text": "three",
        "alias": "number",
        "meta": "@sys.number",
        "userDefined": true
      }
    ],
    "isTemplate": false,
    "count": 0,
    "updated": 1530807094
  },
  {
    "id": "d2f29cb0-41ca-477c-81fa-c33abd13a0d6",
    "data": [
      {
        "text": "3",
        "alias": "number",
        "meta": "@sys.number",
        "userDefined": true
      }
    ],
    "isTemplate": false,
    "count": 0,
    "updated": 1530807094
  },
  {
    "id": "21b2b393-5de1-4d20-ac66-a34c6efc52a4",
    "data": [
      {
        "text": "i  will choose ",
        "userDefined": false
      },
      {
        "text": "3",
        "alias": "number",
        "meta": "@sys.number",
        "userDefined": false
      }
    ],
    "isTemplate": false,
    "count": 0,
    "updated": 1530807094
  },
  {
    "id": "b2151899-4fc2-4b2d-b772-41057ce2339e",
    "data": [
      {
        "text": "three",
        "alias": "number",
        "meta": "@sys.number",
        "userDefined": true
      }
    ],
    "isTemplate": false,
    "count": 0,
    "updated": 1530807094
  },
  {
    "id": "22291d97-c352-43b0-842e-d2691eec4e72",
    "data": [
      {
        "text": "its ",
        "userDefined": false
      },
      {
        "text": "3",
        "alias": "number",
        "meta": "@sys.number",
        "userDefined": true
      }
    ],
    "isTemplate": false,
    "count": 0,
    "updated": 1530807094
  }
]