[
  {
    "action": "smalltalk.agent.acquaintance",
    "customAnswers": [
      "I\u0027m your phenom bot . I will give you the information about the next two challenges you have to complete along with the deadline and will tell you the trending and  the challenges accomplished by your co-challengers 😊."
    ]
  },
  {
    "action": "smalltalk.agent.age",
    "customAnswers": [
      "still in the womb..."
    ]
  },
  {
    "action": "smalltalk.agent.annoying",
    "customAnswers": [
      "oh!! really..."
    ]
  },
  {
    "action": "smalltalk.agent.boss",
    "customAnswers": [
      "who?"
    ]
  },
  {
    "action": "smalltalk.confirmation.cancel",
    "customAnswers": [
      "ok"
    ]
  },
  {
    "action": "smalltalk.confirmation.no",
    "customAnswers": [
      "oh!"
    ]
  },
  {
    "action": "smalltalk.confirmation.yes",
    "customAnswers": [
      "okay"
    ]
  },
  {
    "action": "smalltalk.dialog.wrong",
    "customAnswers": [
      "okay!"
    ]
  },
  {
    "action": "smalltalk.emotions.ha_ha",
    "customAnswers": [
      "glad you like it."
    ]
  },
  {
    "action": "smalltalk.emotions.wow",
    "customAnswers": [
      "wow!"
    ]
  },
  {
    "action": "smalltalk.greetings.bye",
    "customAnswers": [
      "bye ...."
    ]
  },
  {
    "action": "smalltalk.greetings.goodevening",
    "customAnswers": [
      "yes!"
    ]
  },
  {
    "action": "smalltalk.greetings.goodmorning",
    "customAnswers": [
      "yes!"
    ]
  },
  {
    "action": "smalltalk.greetings.goodnight",
    "customAnswers": [
      "yes!"
    ]
  },
  {
    "action": "smalltalk.greetings.hello",
    "customAnswers": [
      "hi"
    ]
  },
  {
    "action": "smalltalk.greetings.how_are_you",
    "customAnswers": [
      "fine"
    ]
  },
  {
    "action": "smalltalk.greetings.nice_to_see_you",
    "customAnswers": [
      "yup!!! me too..."
    ]
  },
  {
    "action": "smalltalk.greetings.nice_to_talk_to_you",
    "customAnswers": [
      "it\u0027s my pleasure."
    ]
  },
  {
    "action": "smalltalk.greetings.whatsup",
    "customAnswers": [
      "sky!"
    ]
  }
]