[
  {
    "id": "fff7f80d-aa47-4467-8595-70ced14d01a3",
    "data": [
      {
        "text": "co challengers",
        "alias": "unit-information",
        "meta": "@sys.unit-information",
        "userDefined": true
      }
    ],
    "isTemplate": false,
    "count": 0,
    "updated": 1537433309
  },
  {
    "id": "fffb6017-96c2-477a-904c-d9ccd18f1596",
    "data": [
      {
        "text": "I want to know what my ",
        "userDefined": false
      },
      {
        "text": "co-challengers",
        "alias": "unit-information",
        "meta": "@sys.unit-information",
        "userDefined": true
      },
      {
        "text": " are up to",
        "userDefined": false
      }
    ],
    "isTemplate": false,
    "count": 0,
    "updated": 1537423206
  },
  {
    "id": "41486167-9479-4e02-a6b7-d99cb4d4a5b2",
    "data": [
      {
        "text": "its ",
        "userDefined": false
      },
      {
        "text": "co challengers",
        "alias": "unit-information",
        "meta": "@sys.unit-information",
        "userDefined": true
      }
    ],
    "isTemplate": false,
    "count": 1,
    "updated": 1537433309
  },
  {
    "id": "84318d85-3927-4ef4-afa7-8975f3d6ac91",
    "data": [
      {
        "text": "i want to know about ",
        "userDefined": false
      },
      {
        "text": "co challengers",
        "alias": "unit-information",
        "meta": "@sys.unit-information",
        "userDefined": true
      }
    ],
    "isTemplate": false,
    "count": 0,
    "updated": 1537433309
  },
  {
    "id": "a0393f13-e700-434f-828b-5f54b5fdb125",
    "data": [
      {
        "text": "one",
        "alias": "number",
        "meta": "@sys.number",
        "userDefined": false
      }
    ],
    "isTemplate": false,
    "count": 0,
    "updated": 1537433309
  },
  {
    "id": "dbb392f4-67f4-45a6-a38f-159158dfe8b6",
    "data": [
      {
        "text": "number ",
        "userDefined": false
      },
      {
        "text": "one",
        "alias": "number",
        "meta": "@sys.number",
        "userDefined": true
      }
    ],
    "isTemplate": false,
    "count": 0,
    "updated": 1537431849
  },
  {
    "id": "39dbbc4a-6355-4bda-9b9f-d5784769ec62",
    "data": [
      {
        "text": "1",
        "alias": "number",
        "meta": "@sys.number",
        "userDefined": false
      }
    ],
    "isTemplate": false,
    "count": 0,
    "updated": 1537433309
  },
  {
    "id": "b3926ef7-9878-4143-b6c4-b61f433dc643",
    "data": [
      {
        "text": "I will go with ",
        "userDefined": false
      },
      {
        "text": "1",
        "alias": "number",
        "meta": "@sys.number",
        "userDefined": true
      }
    ],
    "isTemplate": false,
    "count": 0,
    "updated": 1537423206
  },
  {
    "id": "44409066-4c99-43fd-85e1-2e568687383f",
    "data": [
      {
        "text": "I am choosing",
        "userDefined": false
      },
      {
        "text": " 1",
        "alias": "number",
        "meta": "@sys.number",
        "userDefined": true
      }
    ],
    "isTemplate": false,
    "count": 0,
    "updated": 1537431849
  },
  {
    "id": "9bfb1f18-0cc7-48d5-bd49-cc455d8e7702",
    "data": [
      {
        "text": "well i will go with ",
        "userDefined": false
      },
      {
        "text": "co-challengers",
        "alias": "unit-information",
        "meta": "@sys.unit-information",
        "userDefined": true
      }
    ],
    "isTemplate": false,
    "count": 0,
    "updated": 1537431849
  },
  {
    "id": "66445f3f-9961-4931-9992-e4d038b0d80f",
    "data": [
      {
        "text": "number ",
        "userDefined": false
      },
      {
        "text": "1",
        "alias": "number",
        "meta": "@sys.number",
        "userDefined": true
      }
    ],
    "isTemplate": false,
    "count": 0,
    "updated": 1537431849
  }
]