[
  {
    "id": "c96ce13b-b2ec-4d28-9393-f40f71367e30",
    "data": [
      {
        "text": "number ",
        "userDefined": false
      },
      {
        "text": "two",
        "alias": "number",
        "meta": "@sys.number",
        "userDefined": false
      }
    ],
    "isTemplate": false,
    "count": 0,
    "updated": 1537435721
  },
  {
    "id": "20f36709-8f7e-49e6-8724-b3c394780090",
    "data": [
      {
        "text": "trending",
        "alias": "unit-information-name",
        "meta": "@sys.unit-information-name",
        "userDefined": true
      },
      {
        "text": " challenges",
        "userDefined": false
      }
    ],
    "isTemplate": false,
    "count": 0,
    "updated": 1537435169
  },
  {
    "id": "bd6d9324-6c62-4d89-ad61-5a3f268ec8d7",
    "data": [
      {
        "text": "i will go with the challenges ",
        "userDefined": false
      },
      {
        "text": "trending",
        "alias": "unit-information-name",
        "meta": "@sys.unit-information-name",
        "userDefined": true
      }
    ],
    "isTemplate": false,
    "count": 0,
    "updated": 1537435169
  },
  {
    "id": "b88bbee1-a6fe-4134-8eeb-80f5df578f61",
    "data": [
      {
        "text": "i will go with option ",
        "userDefined": false
      },
      {
        "text": "two",
        "alias": "number",
        "meta": "@sys.number",
        "userDefined": false
      }
    ],
    "isTemplate": false,
    "count": 0,
    "updated": 1537435721
  },
  {
    "id": "242ed878-e72c-4eec-9fe7-8da0069bd387",
    "data": [
      {
        "text": "two",
        "alias": "number",
        "meta": "@sys.number",
        "userDefined": false
      }
    ],
    "isTemplate": false,
    "count": 0,
    "updated": 1537435721
  },
  {
    "id": "1fb609cb-ae2a-4cca-b3f1-f3c7c95ab24d",
    "data": [
      {
        "text": "show me the ",
        "userDefined": false
      },
      {
        "text": "second",
        "alias": "number",
        "meta": "@sys.number",
        "userDefined": false
      },
      {
        "text": " one",
        "userDefined": false
      }
    ],
    "isTemplate": false,
    "count": 0,
    "updated": 0
  },
  {
    "id": "f78739a8-5ca4-4269-aae5-b757fbc3d527",
    "data": [
      {
        "text": "number ",
        "userDefined": false
      },
      {
        "text": "2",
        "alias": "number",
        "meta": "@sys.number",
        "userDefined": false
      }
    ],
    "isTemplate": false,
    "count": 0,
    "updated": 1537435169
  },
  {
    "id": "561a05f1-b5ea-49e6-acc1-44a7ba411d16",
    "data": [
      {
        "text": "trending",
        "alias": "unit-information-name",
        "meta": "@sys.unit-information-name",
        "userDefined": true
      }
    ],
    "isTemplate": false,
    "count": 0,
    "updated": 1537435169
  },
  {
    "id": "769cc186-d8c7-419a-a260-22874d35d83b",
    "data": [
      {
        "text": "second",
        "alias": "number",
        "meta": "@sys.number",
        "userDefined": true
      },
      {
        "text": " one",
        "userDefined": false
      }
    ],
    "isTemplate": false,
    "count": 0,
    "updated": 1537435169
  },
  {
    "id": "feb20baf-14cc-4459-a876-67c23cb1e1b3",
    "data": [
      {
        "text": "i want to know about ",
        "userDefined": false
      },
      {
        "text": "trending",
        "alias": "unit-information-name",
        "meta": "@sys.unit-information-name",
        "userDefined": true
      },
      {
        "text": " challenges",
        "userDefined": false
      }
    ],
    "isTemplate": false,
    "count": 0,
    "updated": 1537435169
  },
  {
    "id": "20382fcf-39d2-474a-8d4d-cc2d34e52005",
    "data": [
      {
        "text": "2",
        "alias": "number",
        "meta": "@sys.number",
        "userDefined": false
      }
    ],
    "isTemplate": false,
    "count": 0,
    "updated": 1537435169
  }
]