[
  {
    "id": "23efdcee-0918-4575-8258-2e66ac7b6599",
    "data": [
      {
        "text": "what about my ",
        "userDefined": false
      },
      {
        "text": "monthly bills",
        "alias": "factor",
        "meta": "@factor",
        "userDefined": true
      },
      {
        "text": "?",
        "userDefined": false
      }
    ],
    "isTemplate": false,
    "count": 0,
    "updated": 1540143931
  },
  {
    "id": "3e634fa1-5257-4bc1-8ff7-f53199bc72dd",
    "data": [
      {
        "text": "what about my ",
        "userDefined": false
      },
      {
        "text": "bills",
        "alias": "factor",
        "meta": "@factor",
        "userDefined": true
      }
    ],
    "isTemplate": false,
    "count": 0,
    "updated": 1540143931
  },
  {
    "id": "ce0a710d-2351-4c7a-8f8a-0c0d3641c0cb",
    "data": [
      {
        "text": "are all my ",
        "userDefined": false
      },
      {
        "text": "bills",
        "alias": "factor",
        "meta": "@factor",
        "userDefined": true
      },
      {
        "text": " paid",
        "userDefined": false
      }
    ],
    "isTemplate": false,
    "count": 0,
    "updated": 1540143931
  },
  {
    "id": "107d8d01-8283-4b27-aa76-a2906e94b6cb",
    "data": [
      {
        "text": "are all my ",
        "userDefined": false
      },
      {
        "text": "bills",
        "alias": "factor",
        "meta": "@factor",
        "userDefined": true
      },
      {
        "text": " paid?",
        "userDefined": false
      }
    ],
    "isTemplate": false,
    "count": 0,
    "updated": 1540143931
  }
]