[
  {
    "id": "fb6eae68-c153-457d-b2a6-67177e321769",
    "data": [
      {
        "text": "thank you",
        "userDefined": false
      }
    ],
    "isTemplate": false,
    "count": 0,
    "updated": 1544256381
  },
  {
    "id": "80b859bd-a65f-427f-b737-3e14faecc442",
    "data": [
      {
        "text": "thankyou",
        "userDefined": false
      }
    ],
    "isTemplate": false,
    "count": 0,
    "updated": 1544256381
  },
  {
    "id": "d42eb624-a8c6-486e-8a21-40a32c267132",
    "data": [
      {
        "text": "thank",
        "alias": "factor",
        "meta": "@factor",
        "userDefined": true
      }
    ],
    "isTemplate": false,
    "count": 1,
    "updated": 1544256381
  }
]